openalex_id,display_name,wikidata_id
I155781252,University of South Carolina,https://www.wikidata.org/wiki/Q1024426
I121847817,The Graduate Center CUNY,https://www.wikidata.org/wiki/Q1024543
I149919469,California Polytechnic State University,https://www.wikidata.org/wiki/Q1026846
I98947143,California State Polytechnic University,https://www.wikidata.org/wiki/Q1026868
I36053171,California State University Chico,https://www.wikidata.org/wiki/Q1026912
I67328108,California State University Fresno,https://www.wikidata.org/wiki/Q1026919
I142934699,California State University Fullerton,https://www.wikidata.org/wiki/Q1026925
I59897056,California State University Long Beach,https://www.wikidata.org/wiki/Q1026926
I27825529,California State University Los Angeles,https://www.wikidata.org/wiki/Q1026932
I157638225,California State University Northridge,https://www.wikidata.org/wiki/Q1026939
I43522216,California State University Sacramento,https://www.wikidata.org/wiki/Q1026941
I43369023,California State University San Bernardino,https://www.wikidata.org/wiki/Q1026944
I58956616,Case Western Reserve University,https://www.wikidata.org/wiki/Q1047060
I185103710,University of California Santa Cruz,https://www.wikidata.org/wiki/Q1047293
I19772626,Yeshiva University,https://www.wikidata.org/wiki/Q1048851
I111236770,University of Vermont,https://www.wikidata.org/wiki/Q1048898
I207123951,New Mexico Institute of Mining and Technology,https://www.wikidata.org/wiki/Q1052208
I121980950,Utah State University,https://www.wikidata.org/wiki/Q1052614
I83909951,Morgan State University,https://www.wikidata.org/wiki/Q1054905
I24306055,Suffolk University,https://www.wikidata.org/wiki/Q1056123
I26347476,Loma Linda University,https://www.wikidata.org/wiki/Q1057447
I180670191,University of California San Francisco,https://www.wikidata.org/wiki/Q1061104
I19700959,Florida International University,https://www.wikidata.org/wiki/Q1065809
I86501945,University of Delaware,https://www.wikidata.org/wiki/Q1068072
I137853757,Howard University,https://www.wikidata.org/wiki/Q1068752
I78715868,University of Arkansas at Fayetteville,https://www.wikidata.org/wiki/Q1070333
I103635307,University of California Riverside,https://www.wikidata.org/wiki/Q1075148
I4210106879,Ohio University,https://www.wikidata.org/wiki/Q1075339
I4210119109,Indiana University Bloomington,https://www.wikidata.org/wiki/Q1079140
I1304256225,University of Wisconsin System,https://www.wikidata.org/wiki/Q10814056
I4210156643,Harvard Global Health Institute,https://www.wikidata.org/wiki/Q108737243
I166722992,University of Massachusetts Chan Medical School,https://www.wikidata.org/wiki/Q108899288
I125687163,City College of New York,https://www.wikidata.org/wiki/Q1093910
I130785548,Clark University,https://www.wikidata.org/wiki/Q1095773
I102607778,Cleveland State University,https://www.wikidata.org/wiki/Q1100801
I168959743,University of America,https://www.wikidata.org/wiki/Q11050122
I167576493,Colorado School of Mines,https://www.wikidata.org/wiki/Q1111367
I92446798,Colorado State University,https://www.wikidata.org/wiki/Q1111640
I158012942,University of Richmond,https://www.wikidata.org/wiki/Q1115878
I161301626,Lehman College,https://www.wikidata.org/wiki/Q1128593
I137902535,North Carolina State University,https://www.wikidata.org/wiki/Q1132346
I4210124175,Center for Astrophysics Harvard & Smithsonian,https://www.wikidata.org/wiki/Q1133697
I173911158,Iowa State University,https://www.wikidata.org/wiki/Q1136919
I142823887,St. John's University,https://www.wikidata.org/wiki/Q1138374
I368840534,University of Mississippi,https://www.wikidata.org/wiki/Q1138384
I1327163397,State University of New York,https://www.wikidata.org/wiki/Q1140241
I2801919071,University of Illinois System,https://www.wikidata.org/wiki/Q1145814
I75027704,University of Tennessee at Knoxville,https://www.wikidata.org/wiki/Q1150105
I12097938,West Virginia University,https://www.wikidata.org/wiki/Q115376
I79516672,University of Louisiana at Lafayette,https://www.wikidata.org/wiki/Q116485
I118353179,DePaul University,https://www.wikidata.org/wiki/Q1179603
I134113660,University of Nevada Reno,https://www.wikidata.org/wiki/Q1185955
I169521973,University of New Mexico,https://www.wikidata.org/wiki/Q1190812
I39660569,Colgate University,https://www.wikidata.org/wiki/Q1191335
I102502594,Northern Illinois University,https://www.wikidata.org/wiki/Q1191344
I114832834,Tulane University,https://www.wikidata.org/wiki/Q1193547
I2802203029,Johnson University,https://www.wikidata.org/wiki/Q12060891
I2802236040,University of Colorado System,https://www.wikidata.org/wiki/Q1206658
I189196454,The University of Texas at Arlington,https://www.wikidata.org/wiki/Q1230739
I11957088,Michigan Technological University,https://www.wikidata.org/wiki/Q12432
I119942284,Missouri State University,https://www.wikidata.org/wiki/Q1249251
I71838634,San Francisco State University,https://www.wikidata.org/wiki/Q1256981
I186335123,East Carolina University,https://www.wikidata.org/wiki/Q1277776
I138216421,Eastern Michigan University,https://www.wikidata.org/wiki/Q1278221
I141472210,University of Alaska Fairbanks,https://www.wikidata.org/wiki/Q1285262
I84218800,University of California Davis,https://www.wikidata.org/wiki/Q129421
I189957204,University of South Dakota,https://www.wikidata.org/wiki/Q1305521
I7947594,University of Maine,https://www.wikidata.org/wiki/Q1307345
I164389053,Fordham University,https://www.wikidata.org/wiki/Q130965
I60060512,Trinity University,https://www.wikidata.org/wiki/Q1311379
I40347166,University of Chicago,https://www.wikidata.org/wiki/Q131252
I142740786,University of Louisville,https://www.wikidata.org/wiki/Q1317143
I169335092,University of North Carolina at Greensboro,https://www.wikidata.org/wiki/Q1321380
I12834331,University of Wyoming,https://www.wikidata.org/wiki/Q1326975
I136199984,Harvard University,https://www.wikidata.org/wiki/Q13371
I110152177,University of Akron,https://www.wikidata.org/wiki/Q1346135
I10052268,New Mexico State University,https://www.wikidata.org/wiki/Q1353248
I114395901,University of Nebraska–Lincoln,https://www.wikidata.org/wiki/Q1353679
I210824098,Wilmington University,https://www.wikidata.org/wiki/Q13564053
I83809506,University of South Alabama,https://www.wikidata.org/wiki/Q13572981
I143302722,University of Kentucky,https://www.wikidata.org/wiki/Q1360303
I118020396,Swarthmore College,https://www.wikidata.org/wiki/Q1378320
I88694374,Marshall University,https://www.wikidata.org/wiki/Q1379613
I203172682,Northern Arizona University,https://www.wikidata.org/wiki/Q139901
I162714631,George Mason University,https://www.wikidata.org/wiki/Q1411222
I84392919,Temple University,https://www.wikidata.org/wiki/Q1420239
I191429286,Sam Houston State University,https://www.wikidata.org/wiki/Q1422594
I12315562,Texas Tech University,https://www.wikidata.org/wiki/Q1423756
I2800015558,Phillips Exeter Academy,https://www.wikidata.org/wiki/Q1426464
I8248082,Florida Agricultural and Mechanical University,https://www.wikidata.org/wiki/Q1430048
I55769427,Indiana University – Purdue University Indianapolis,https://www.wikidata.org/wiki/Q1433199
I106165777,University of Central Florida,https://www.wikidata.org/wiki/Q143451
I196272386,Providence College,https://www.wikidata.org/wiki/Q1439629
I39694355,Hunter College,https://www.wikidata.org/wiki/Q1446181
I2800403580,University of Minnesota System,https://www.wikidata.org/wiki/Q14552696
I7863295,Villanova University,https://www.wikidata.org/wiki/Q1466001
I921990950,University of Colorado Denver,https://www.wikidata.org/wiki/Q1468161
I116545467,University of Mary,https://www.wikidata.org/wiki/Q14708393
I53276908,Marymount University,https://www.wikidata.org/wiki/Q14712798
I8606887,Grand Valley State University,https://www.wikidata.org/wiki/Q1472315
I110378019,Southern Illinois University Carbondale,https://www.wikidata.org/wiki/Q1472347
I44461941,University of Houston,https://www.wikidata.org/wiki/Q1472358
I32389192,University of Alabama at Birmingham,https://www.wikidata.org/wiki/Q1472663
I149910238,Kent State University,https://www.wikidata.org/wiki/Q1473615
I11874761,University of North Florida,https://www.wikidata.org/wiki/Q1473796
I117942362,Western Illinois University,https://www.wikidata.org/wiki/Q1474005
I81365321,Old Dominion University,https://www.wikidata.org/wiki/Q1474100
I94339441,Western Kentucky University,https://www.wikidata.org/wiki/Q1474105
I4322298,Towson University,https://www.wikidata.org/wiki/Q1474129
I192396691,University of New Orleans,https://www.wikidata.org/wiki/Q1474157
I35777872,North Carolina Agricultural and Technical State University,https://www.wikidata.org/wiki/Q1476484
I13511017,Texas State University,https://www.wikidata.org/wiki/Q1495387
I5388228,University of Rochester,https://www.wikidata.org/wiki/Q149990
I181565077,Georgia State University,https://www.wikidata.org/wiki/Q1509333
I24603500,University of Massachusetts Amherst,https://www.wikidata.org/wiki/Q15142
I133738476,University of Massachusetts Lowell,https://www.wikidata.org/wiki/Q15143
I33434090,University of Massachusetts Boston,https://www.wikidata.org/wiki/Q15144
I35364215,Naval Postgraduate School,https://www.wikidata.org/wiki/Q1515048
I121820613,Louisiana State University,https://www.wikidata.org/wiki/Q1521725
I172980758,Kennesaw State University,https://www.wikidata.org/wiki/Q1532470
I63135867,University of Cincinnati,https://www.wikidata.org/wiki/Q153265
I178169726,Southern Methodist University,https://www.wikidata.org/wiki/Q1536258
I1925986,Loyola University Chicago,https://www.wikidata.org/wiki/Q1537759
I141649380,Western Michigan University,https://www.wikidata.org/wiki/Q1546191
I177328695,Union College,https://www.wikidata.org/wiki/Q1567748
I184759092,Lafayette College,https://www.wikidata.org/wiki/Q1592074
I122411786,California Institute of Technology,https://www.wikidata.org/wiki/Q161562
I139290212,Hofstra University,https://www.wikidata.org/wiki/Q1623314
I17626003,University of Rhode Island,https://www.wikidata.org/wiki/Q1641788
I106969075,Idaho State University,https://www.wikidata.org/wiki/Q1656608
I200885203,Indiana University of Pennsylvania,https://www.wikidata.org/wiki/Q1661325
I98540497,Barnard College,https://www.wikidata.org/wiki/Q167733
I181401687,American University,https://www.wikidata.org/wiki/Q168000
I223532165,University of Utah,https://www.wikidata.org/wiki/Q168515
I170897317,Duke University,https://www.wikidata.org/wiki/Q168751
I95457486,University of California Berkeley,https://www.wikidata.org/wiki/Q168756
I2801572250,Jacksonville College,https://www.wikidata.org/wiki/Q16973332
I92507152,John Jay College of Criminal Justice,https://www.wikidata.org/wiki/Q1700617
I2802326326,The University of Texas Rio Grande Valley,https://www.wikidata.org/wiki/Q17028121
I156087764,University of California Merced,https://www.wikidata.org/wiki/Q1728622
I161318765,University of California Los Angeles,https://www.wikidata.org/wiki/Q174710
I61937129,Jackson State University,https://www.wikidata.org/wiki/Q1747601
I43579087,University of Wisconsin–Milwaukee,https://www.wikidata.org/wiki/Q1755318
I111455621,Queens College CUNY,https://www.wikidata.org/wiki/Q1760438
I126345244,Portland State University,https://www.wikidata.org/wiki/Q1771717
I392282,University at Albany State University of New York,https://www.wikidata.org/wiki/Q1780816
I173268674,Texas A&M University System,https://www.wikidata.org/wiki/Q1781044
I119234918,University of Northern Iowa,https://www.wikidata.org/wiki/Q1781094
I177097968,University of Tennessee at Chattanooga,https://www.wikidata.org/wiki/Q1781384
I162577319,The University of Texas at Dallas,https://www.wikidata.org/wiki/Q1781394
I82495205,University of Alabama in Huntsville,https://www.wikidata.org/wiki/Q1783148
I102149020,University of North Carolina at Charlotte,https://www.wikidata.org/wiki/Q1783178
I161203489,Youngstown State University,https://www.wikidata.org/wiki/Q1783191
I138873065,Long Island University,https://www.wikidata.org/wiki/Q1783603
I71966907,University of Northern Colorado,https://www.wikidata.org/wiki/Q1783608
I169615421,Middle Tennessee State University,https://www.wikidata.org/wiki/Q1784748
I35566140,Loyola Marymount University,https://www.wikidata.org/wiki/Q1786078
I107639228,University of Notre Dame,https://www.wikidata.org/wiki/Q178848
I84470341,Catholic University of America,https://www.wikidata.org/wiki/Q179036
I203088144,Nova Southeastern University,https://www.wikidata.org/wiki/Q1798499
I150149174,Mercer University,https://www.wikidata.org/wiki/Q1798612
I44265643,Rowan University,https://www.wikidata.org/wiki/Q1799872
I185071736,Chapman University,https://www.wikidata.org/wiki/Q1805085
I90965887,SUNY Polytechnic Institute,https://www.wikidata.org/wiki/Q18155496
I126307644,University of Iowa,https://www.wikidata.org/wiki/Q182973
I45438204,The University of Texas at San Antonio,https://www.wikidata.org/wiki/Q183170
I2803209242,University of California System,https://www.wikidata.org/wiki/Q184478
I87208437,University of Tulsa,https://www.wikidata.org/wiki/Q1848657
I155093810,University of Idaho,https://www.wikidata.org/wiki/Q1854488
I23732399,Montana State University,https://www.wikidata.org/wiki/Q1861687
I919208787,Louisiana Tech University,https://www.wikidata.org/wiki/Q1872239
I102461120,Marquette University,https://www.wikidata.org/wiki/Q188370
I76766440,University of San Francisco,https://www.wikidata.org/wiki/Q1887879
I114027177,University of North Carolina at Chapel Hill,https://www.wikidata.org/wiki/Q192334
I145311948,Johns Hopkins University,https://www.wikidata.org/wiki/Q193727
I99041443,Mississippi State University,https://www.wikidata.org/wiki/Q1939211
I107077323,Worcester Polytechnic Institute,https://www.wikidata.org/wiki/Q195046
I98704320,Icahn School of Medicine at Mount Sinai,https://www.wikidata.org/wiki/Q1950740
I117965899,University of Hawaiʻi at Mānoa,https://www.wikidata.org/wiki/Q2000129
I57328836,North Dakota State University,https://www.wikidata.org/wiki/Q2000624
I19648265,Wright State University,https://www.wikidata.org/wiki/Q2002085
I129975664,Albert Einstein College of Medicine,https://www.wikidata.org/wiki/Q2030894
I153901656,University of North Carolina Wilmington,https://www.wikidata.org/wiki/Q2092214
I127591826,University of Dayton,https://www.wikidata.org/wiki/Q2092392
I164936912,The University of Texas at El Paso,https://www.wikidata.org/wiki/Q2093110
I126820664,Vassar College,https://www.wikidata.org/wiki/Q2093794
I94658018,University of Memphis,https://www.wikidata.org/wiki/Q2094177
I51556381,University of Virginia,https://www.wikidata.org/wiki/Q213439
I155173764,Rochester Institute of Technology,https://www.wikidata.org/wiki/Q2140778
I20089843,Princeton University,https://www.wikidata.org/wiki/Q21578
I184616310,Illinois Wesleyan University,https://www.wikidata.org/wiki/Q2159219
I1331384533,University of Hawaii System,https://www.wikidata.org/wiki/Q217439
I219193219,Purdue University West Lafayette,https://www.wikidata.org/wiki/Q217741
I201448701,University of Washington,https://www.wikidata.org/wiki/Q219563
I177156846,South Dakota State University,https://www.wikidata.org/wiki/Q2302260
I128956969,Texas Christian University,https://www.wikidata.org/wiki/Q2302280
I133999245,University of Nevada Las Vegas,https://www.wikidata.org/wiki/Q2302311
I90871651,University of Toledo,https://www.wikidata.org/wiki/Q2302319
I6750721,University of Montana,https://www.wikidata.org/wiki/Q2302336
I184840846,Virginia Commonwealth University,https://www.wikidata.org/wiki/Q2303536
I27837315,University of Michigan–Ann Arbor,https://www.wikidata.org/wiki/Q230492
I170201317,University of Pittsburgh,https://www.wikidata.org/wiki/Q235034
I130238516,University of Minnesota,https://www.wikidata.org/wiki/Q238101
I177898655,Lamar University,https://www.wikidata.org/wiki/Q2393647
I149251103,Thomas Jefferson University,https://www.wikidata.org/wiki/Q2471216
I149251103,Thomas Jefferson University,https://www.wikidata.org/wiki/Q2471216
I922845939,Philadelphia University,https://www.wikidata.org/wiki/Q2471216
I922845939,Philadelphia University,https://www.wikidata.org/wiki/Q2471216
I888729015,University of Colorado Colorado Springs,https://www.wikidata.org/wiki/Q2495841
I4210115145,University of Minnesota Duluth,https://www.wikidata.org/wiki/Q2495874
I122266389,University of Nebraska at Omaha,https://www.wikidata.org/wiki/Q2495890
I1629065,Central Michigan University,https://www.wikidata.org/wiki/Q250205
I1743320,Palo Alto University,https://www.wikidata.org/wiki/Q2587890
I11883440,James Madison University,https://www.wikidata.org/wiki/Q258943
I160856358,University of San Diego,https://www.wikidata.org/wiki/Q262663
I154570441,University of California Santa Barbara,https://www.wikidata.org/wiki/Q263064
I87216513,Michigan State University,https://www.wikidata.org/wiki/Q270222
I83399316,Rockefeller University,https://www.wikidata.org/wiki/Q270272
I74973139,Carnegie Mellon University,https://www.wikidata.org/wiki/Q2712836
I165690674,Oregon Health & Science University,https://www.wikidata.org/wiki/Q282097
I52669646,Western Washington University,https://www.wikidata.org/wiki/Q284777
I181547552,Baylor College of Medicine,https://www.wikidata.org/wiki/Q2892284
I134446601,Berkeley College,https://www.wikidata.org/wiki/Q2897191
I4210105967,Texas A&M Health Science Center,https://www.wikidata.org/wiki/Q2901308
I200719446,Vanderbilt University,https://www.wikidata.org/wiki/Q29052
I4210140791,Irvine University,https://www.wikidata.org/wiki/Q30297326
I84475105,Embry–Riddle Aeronautical University,https://www.wikidata.org/wiki/Q3052113
I52357470,The Ohio State University,https://www.wikidata.org/wiki/Q309331
I111979921,Northwestern University,https://www.wikidata.org/wiki/Q309350
I189590672,Kansas State University,https://www.wikidata.org/wiki/Q31249
I106959904,Florida Institute of Technology,https://www.wikidata.org/wiki/Q3152650
I118118575,New Jersey Institute of Technology,https://www.wikidata.org/wiki/Q3272013
I20388574,SUNY Upstate Medical University,https://www.wikidata.org/wiki/Q3297997
I100005738,Brigham Young University,https://www.wikidata.org/wiki/Q332498
I184565670,Georgetown University,https://www.wikidata.org/wiki/Q333886
I196677622,New York Law School,https://www.wikidata.org/wiki/Q3339059
I161171246,West Chester University,https://www.wikidata.org/wiki/Q3443893
I131221577,Bucknell University,https://www.wikidata.org/wiki/Q3444679
I150913223,Texas Woman's University,https://www.wikidata.org/wiki/Q3468361
I185443292,Wayne State University,https://www.wikidata.org/wiki/Q349055
I144852770,The King's College,https://www.wikidata.org/wiki/Q3521483
I87424562,Ithaca College,https://www.wikidata.org/wiki/Q3540690
I83041322,Brooklyn College,https://www.wikidata.org/wiki/Q371625
I12912129,Northeastern University,https://www.wikidata.org/wiki/Q37548
I47251452,Wake Forest University,https://www.wikidata.org/wiki/Q392667
I165951966,The University of Texas Health Science Center at San Antonio,https://www.wikidata.org/wiki/Q4005868
I148314036,Uniformed Services University of the Health Sciences,https://www.wikidata.org/wiki/Q4114428
I181190671,New York Medical College,https://www.wikidata.org/wiki/Q4115972
I100633361,University of Massachusetts Dartmouth,https://www.wikidata.org/wiki/Q4118040
I126744593,University of Maryland Baltimore,https://www.wikidata.org/wiki/Q4119470
I926076166,Texas Tech University Health Sciences Center,https://www.wikidata.org/wiki/Q4119816
I97018004,Stanford University,https://www.wikidata.org/wiki/Q41506
I39587148,Wichita State University,https://www.wikidata.org/wiki/Q429561
I63772739,Florida Atlantic University,https://www.wikidata.org/wiki/Q429863
I193531525,George Washington University,https://www.wikidata.org/wiki/Q432637
I20382870,Missouri University of Science and Technology,https://www.wikidata.org/wiki/Q4380853
I4210094379,University of Texas Health Science Center at Dallas,https://www.wikidata.org/wiki/Q43896615
I204593131,College of Charleston,https://www.wikidata.org/wiki/Q4507421
I205023500,Chicago Kent College of Law,https://www.wikidata.org/wiki/Q4551377
I115441956,SUNY Buffalo State University,https://www.wikidata.org/wiki/Q4570064
I157725225,University of Illinois Urbana-Champaign,https://www.wikidata.org/wiki/Q457281
I1174212,University of Southern California,https://www.wikidata.org/wiki/Q4614
I71965598,Adelphi University,https://www.wikidata.org/wiki/Q4682076
I55061410,Air Force Institute of Technology,https://www.wikidata.org/wiki/Q4697913
I113508548,Albany State University,https://www.wikidata.org/wiki/Q4709390
I51713134,University of Colorado Anschutz Medical Campus,https://www.wikidata.org/wiki/Q4770537
I78577930,Columbia University,https://www.wikidata.org/wiki/Q49088
I63966007,Massachusetts Institute of Technology,https://www.wikidata.org/wiki/Q49108
I111088046,Boston University,https://www.wikidata.org/wiki/Q49110
I32971472,Yale University,https://www.wikidata.org/wiki/Q49112
I27804330,Brown University,https://www.wikidata.org/wiki/Q49114
I205783295,Cornell University,https://www.wikidata.org/wiki/Q49115
I107672454,Dartmouth College,https://www.wikidata.org/wiki/Q49116
I79576946,University of Pennsylvania,https://www.wikidata.org/wiki/Q49117
I103531236,Boston College,https://www.wikidata.org/wiki/Q49118
I6902469,Brandeis University,https://www.wikidata.org/wiki/Q49119
I121934306,Tufts University,https://www.wikidata.org/wiki/Q49120
I177605424,Amherst College,https://www.wikidata.org/wiki/Q49165
I22675022,Williams College,https://www.wikidata.org/wiki/Q49166
I100538780,Wesleyan University,https://www.wikidata.org/wiki/Q49167
I202524275,Smith College,https://www.wikidata.org/wiki/Q49204
I189731429,Wellesley College,https://www.wikidata.org/wiki/Q49205
I140172145,University of Connecticut,https://www.wikidata.org/wiki/Q49206
I161057412,University of New Hampshire,https://www.wikidata.org/wiki/Q49207
I57206974,New York University,https://www.wikidata.org/wiki/Q49210
I165799507,Rensselaer Polytechnic Institute,https://www.wikidata.org/wiki/Q49211
I91045830,Texas A&M University,https://www.wikidata.org/wiki/Q49212
I86519309,The University of Texas at Austin,https://www.wikidata.org/wiki/Q49213
I17301866,University of Alabama,https://www.wikidata.org/wiki/Q492318
I51504820,San Jose State University,https://www.wikidata.org/wiki/Q498526
I102322142,Rutgers The State University of New Jersey,https://www.wikidata.org/wiki/Q499451
I136722135,Claremont Graduate University,https://www.wikidata.org/wiki/Q50015
I102401767,University of Arkansas at Little Rock,https://www.wikidata.org/wiki/Q500154
I2613432,University of South Florida,https://www.wikidata.org/wiki/Q500606
I33213144,University of Florida,https://www.wikidata.org/wiki/Q501758
I166088655,Montclair State University,https://www.wikidata.org/wiki/Q5018694
I2800817003,Southern California University for Professional Studies,https://www.wikidata.org/wiki/Q5020984
I36788626,California University of Pennsylvania,https://www.wikidata.org/wiki/Q5021159
I66946132,University of Maryland College Park,https://www.wikidata.org/wiki/Q503415
I138006243,University of Arizona,https://www.wikidata.org/wiki/Q503419
I139787848,Capital University,https://www.wikidata.org/wiki/Q5035685
I71578702,University of Portland,https://www.wikidata.org/wiki/Q513658
I87339560,College of Marin,https://www.wikidata.org/wiki/Q5146760
I142393192,College of Staten Island,https://www.wikidata.org/wiki/Q5146845
I151808059,Colorado School of Public Health,https://www.wikidata.org/wiki/Q5148911
I4210151139,New York State College of Veterinary Medicine,https://www.wikidata.org/wiki/Q5171565
I87547150,Southern Illinois University Edwardsville,https://www.wikidata.org/wiki/Q519349
I131651094,University of Denver,https://www.wikidata.org/wiki/Q519427
I125467818,Dakota State University,https://www.wikidata.org/wiki/Q5210049
I146416000,University of Kansas,https://www.wikidata.org/wiki/Q52413
I156802259,Eastern Virginia Medical School,https://www.wikidata.org/wiki/Q5330559
I82497590,Auburn University,https://www.wikidata.org/wiki/Q540672
I94062374,Florida College,https://www.wikidata.org/wiki/Q5461285
I4210149442,Fusion Academy,https://www.wikidata.org/wiki/Q5510254
I138220800,Georgia College & State University,https://www.wikidata.org/wiki/Q5547419
I25041050,Augusta University,https://www.wikidata.org/wiki/Q5547686
I126863827,Pace University,https://www.wikidata.org/wiki/Q556098
I1281378812,Oak Ridge Associated Universities,https://www.wikidata.org/wiki/Q5583848
I47301684,Illinois State University,https://www.wikidata.org/wiki/Q558922
I880766802,Graduate School USA,https://www.wikidata.org/wiki/Q5592028
I189158971,United States Naval Academy,https://www.wikidata.org/wiki/Q559549
I4210092658,Harvard MIT Division of Health Sciences and Technology,https://www.wikidata.org/wiki/Q5676651
I85384741,Heidelberg University,https://www.wikidata.org/wiki/Q5698693
I263341422,Heritage Christian University,https://www.wikidata.org/wiki/Q5738742
I16820183,Illinois College,https://www.wikidata.org/wiki/Q574316
I76835614,University of Missouri,https://www.wikidata.org/wiki/Q579968
I12524447,Seton Hall University,https://www.wikidata.org/wiki/Q585828
I83328450,Miami University,https://www.wikidata.org/wiki/Q590643
I72951846,Washington State University,https://www.wikidata.org/wiki/Q597236
I102179633,New School,https://www.wikidata.org/wiki/Q599316
I162817326,Indiana University – Purdue University Fort Wayne,https://www.wikidata.org/wiki/Q6023669
I72816309,Drexel University,https://www.wikidata.org/wiki/Q603034
I58610484,Seattle University,https://www.wikidata.org/wiki/Q615873
I70571728,Oberlin College,https://www.wikidata.org/wiki/Q616591
I70983195,Syracuse University,https://www.wikidata.org/wiki/Q617433
I858669146,Jefferson College,https://www.wikidata.org/wiki/Q6175404
I430192,Appalachian State University,https://www.wikidata.org/wiki/Q620640
I150468666,Emory University,https://www.wikidata.org/wiki/Q621043
I186143895,Lehigh University,https://www.wikidata.org/wiki/Q622137
I175594653,John Brown University,https://www.wikidata.org/wiki/Q6223569
I36258959,University of California San Diego,https://www.wikidata.org/wiki/Q622664
I44854399,University of Southern Mississippi,https://www.wikidata.org/wiki/Q624090
I192389796,Humboldt State University,https://www.wikidata.org/wiki/Q624560
I39815113,Georgia Southern University,https://www.wikidata.org/wiki/Q624959
I153871386,Eastern Illinois University,https://www.wikidata.org/wiki/Q624985
I208333798,University of Missouri–St. Louis,https://www.wikidata.org/wiki/Q625103
I119942576,University of the Pacific,https://www.wikidata.org/wiki/Q630226
I8078737,Clemson University,https://www.wikidata.org/wiki/Q631066
I96749437,Texas A&M University Corpus Christi,https://www.wikidata.org/wiki/Q634651
I119443389,East Tennessee State University,https://www.wikidata.org/wiki/Q634669
I39965400,Kettering University,https://www.wikidata.org/wiki/Q6395480
I8692664,University of Oklahoma,https://www.wikidata.org/wiki/Q640652
I111483173,King University,https://www.wikidata.org/wiki/Q6412129
I2802706902,Knoxville College,https://www.wikidata.org/wiki/Q6423659
I55921689,La Roche College,https://www.wikidata.org/wiki/Q6464919
I859038795,Virginia Tech,https://www.wikidata.org/wiki/Q65379
I108468826,Stevens Institute of Technology,https://www.wikidata.org/wiki/Q657222
I83683471,University of West Florida,https://www.wikidata.org/wiki/Q659255
I180949307,Illinois Institute of Technology,https://www.wikidata.org/wiki/Q659706
I592451,Indiana University,https://www.wikidata.org/wiki/Q6608367
I86420138,Indiana State University,https://www.wikidata.org/wiki/Q666128
I134386540,Louisiana State University Agricultural Center,https://www.wikidata.org/wiki/Q6689301
I55732556,Arizona State University,https://www.wikidata.org/wiki/Q670897
I87253917,Manchester University,https://www.wikidata.org/wiki/Q6747552
I204308271,Medical College of Wisconsin,https://www.wikidata.org/wiki/Q6806307
I153297377,Medical University of South Carolina,https://www.wikidata.org/wiki/Q6806451
I63190737,University at Buffalo State University of New York,https://www.wikidata.org/wiki/Q681025
I4210099336,Menlo School,https://www.wikidata.org/wiki/Q6817158
I128902783,Midwestern University,https://www.wikidata.org/wiki/Q6843477
I6332465,Morehouse School of Medicine,https://www.wikidata.org/wiki/Q6911272
I139924743,Bentley University,https://www.wikidata.org/wiki/Q693674
I95240055,Northeast Ohio Medical University,https://www.wikidata.org/wiki/Q7057949
I4210131712,Oklahoma State University Oklahoma City,https://www.wikidata.org/wiki/Q7082388
I177881444,Pomona College,https://www.wikidata.org/wiki/Q7227384
I47838141,Saint Louis University,https://www.wikidata.org/wiki/Q734774
I79272384,University of Maryland Baltimore County,https://www.wikidata.org/wiki/Q735049
I188538660,University of Colorado Boulder,https://www.wikidata.org/wiki/Q736674
I189273616,Rosalind Franklin University of Medicine and Science,https://www.wikidata.org/wiki/Q7367225
I145608581,University of Miami,https://www.wikidata.org/wiki/Q738258
I130769515,Pennsylvania State University,https://www.wikidata.org/wiki/Q739627
I9364636,Salisbury University,https://www.wikidata.org/wiki/Q7404818
I165102784,Duquesne University,https://www.wikidata.org/wiki/Q74343
I162281398,University of Hartford,https://www.wikidata.org/wiki/Q747053
I2800717037,University of Florida Health,https://www.wikidata.org/wiki/Q7487946
I115475287,Oklahoma State University,https://www.wikidata.org/wiki/Q749718
I49886154,Rush University,https://www.wikidata.org/wiki/Q750639
I196729704,Southern Illinois University School of Medicine,https://www.wikidata.org/wiki/Q7570024
I157349981,SUNY College of Environmental Science and Forestry,https://www.wikidata.org/wiki/Q7603610
I165733156,University of Georgia,https://www.wikidata.org/wiki/Q761534
I174216632,City University of New York,https://www.wikidata.org/wiki/Q762266
I181233156,University of Oregon,https://www.wikidata.org/wiki/Q766145
I2801004183,Temple College,https://www.wikidata.org/wiki/Q7698504
I63920570,Tennessee Technological University,https://www.wikidata.org/wiki/Q7700206
I114493937,Creighton University,https://www.wikidata.org/wiki/Q770544
I181414168,Texas A&M University Kingsville,https://www.wikidata.org/wiki/Q7707478
I64281891,College of New Jersey,https://www.wikidata.org/wiki/Q7726772
I204465549,Washington University in St. Louis,https://www.wikidata.org/wiki/Q777403
I177721651,Oakland University,https://www.wikidata.org/wiki/Q782116
I4210153792,University School,https://www.wikidata.org/wiki/Q7894916
I6059380,University of Baltimore,https://www.wikidata.org/wiki/Q7895109
I135191193,University of Indianapolis,https://www.wikidata.org/wiki/Q7895554
I4210130704,University of Michigan Dearborn,https://www.wikidata.org/wiki/Q7895782
I179093154,University of New Hampshire at Manchester,https://www.wikidata.org/wiki/Q7895907
I165139151,University of North Texas Health Science Center,https://www.wikidata.org/wiki/Q7895977
I60388903,University of Puerto Rico-Mayaguez,https://www.wikidata.org/wiki/Q7896177
I75821886,University of South Florida St. Petersburg,https://www.wikidata.org/wiki/Q7896336
I160606119,University of Tennessee Health Science Center,https://www.wikidata.org/wiki/Q7896420
I919571938,The University of Texas Health Science Center at Houston,https://www.wikidata.org/wiki/Q7896431
I4210159031,The University of Texas Health Science Center,https://www.wikidata.org/wiki/Q7896436
I183874917,Urbana University,https://www.wikidata.org/wiki/Q7900213
I285663978,Weatherford College,https://www.wikidata.org/wiki/Q7978277
I93393672,Western University of Health Sciences,https://www.wikidata.org/wiki/Q7988415
I198089087,Ball State University,https://www.wikidata.org/wiki/Q805122
I4210112962,York University,https://www.wikidata.org/wiki/Q8055402
I141810926,Baruch College,https://www.wikidata.org/wiki/Q809633
I157394403,Baylor University,https://www.wikidata.org/wiki/Q812573
I127339247,California State University System,https://www.wikidata.org/wiki/Q815352
I135310074,University of Wisconsin–Madison,https://www.wikidata.org/wiki/Q838330
I74775410,Rice University,https://www.wikidata.org/wiki/Q842909
I123534392,University of North Texas,https://www.wikidata.org/wiki/Q860527
I103163165,Florida State University,https://www.wikidata.org/wiki/Q861548
I131249849,Oregon State University,https://www.wikidata.org/wiki/Q861888
I123946342,Binghamton University,https://www.wikidata.org/wiki/Q863813
I130701444,Georgia Institute of Technology,https://www.wikidata.org/wiki/Q864855
I204250578,University of California Irvine,https://www.wikidata.org/wiki/Q868421
I16285277,William & Mary,https://www.wikidata.org/wiki/Q875637
I120156002,Boise State University,https://www.wikidata.org/wiki/Q891082
I157417397,Bowling Green State University,https://www.wikidata.org/wiki/Q895457
I26538001,San Diego State University,https://www.wikidata.org/wiki/Q913861
I40253897,University of New Haven,https://www.wikidata.org/wiki/Q917899
I55302922,The University of Texas Medical Branch at Galveston,https://www.wikidata.org/wiki/Q921264
I192545095,United States Military Academy,https://www.wikidata.org/wiki/Q9219
I2801333002,Purdue University System,https://www.wikidata.org/wiki/Q929715
I16944753,Clarkson University,https://www.wikidata.org/wiki/Q931865
I75421653,University of Missouri–Kansas City,https://www.wikidata.org/wiki/Q940690
I79620101,University of Arkansas for Medical Sciences,https://www.wikidata.org/wiki/Q941298
I36672615,Courant Institute of Mathematical Sciences,https://www.wikidata.org/wiki/Q946028
I39422238,University of Illinois at Chicago,https://www.wikidata.org/wiki/Q955764
I146552867,University of Puget Sound,https://www.wikidata.org/wiki/Q956780
I24571045,University of North Dakota,https://www.wikidata.org/wiki/Q968559
I59553526,Stony Brook University,https://www.wikidata.org/wiki/Q969850
I16269868,Santa Clara University,https://www.wikidata.org/wiki/Q992830
I102373834,Bryn Mawr College,https://www.wikidata.org/wiki/Q995265
